-- Inserts into ROOM Table
INSERT INTO `ROOM` (`ROOM_ID`,`WEAPON_ID`,`RNAME`,`R_DESCRIPTION`,`RSIZE`) VALUES (1,800,"Nissim","sed",97);
INSERT INTO `ROOM` (`ROOM_ID`,`WEAPON_ID`,`RNAME`,`R_DESCRIPTION`,`RSIZE`) VALUES (2,801,"Aidan","ac",28);
INSERT INTO `ROOM` (`ROOM_ID`,`WEAPON_ID`,`RNAME`,`R_DESCRIPTION`,`RSIZE`) VALUES (3,802,"Keegan","faucibus",37);
INSERT INTO `ROOM` (`ROOM_ID`,`WEAPON_ID`,`RNAME`,`R_DESCRIPTION`,`RSIZE`) VALUES (4,803,"Prescott","pede.",77);
INSERT INTO `ROOM` (`ROOM_ID`,`WEAPON_ID`,`RNAME`,`R_DESCRIPTION`,`RSIZE`) VALUES (5,804,"Cecilia","Nunc",3);
INSERT INTO `ROOM` (`ROOM_ID`,`WEAPON_ID`,`RNAME`,`R_DESCRIPTION`,`RSIZE`) VALUES (6,805,"Kasper","et",98);
INSERT INTO `ROOM` (`ROOM_ID`,`WEAPON_ID`,`RNAME`,`R_DESCRIPTION`,`RSIZE`) VALUES (7,806,"Branden","consequat",51);
INSERT INTO `ROOM` (`ROOM_ID`,`WEAPON_ID`,`RNAME`,`R_DESCRIPTION`,`RSIZE`) VALUES (8,807,"Arthur","mi",56);
INSERT INTO `ROOM` (`ROOM_ID`,`WEAPON_ID`,`RNAME`,`R_DESCRIPTION`,`RSIZE`) VALUES (9,808,"Angelica","Nam",59);
INSERT INTO `ROOM` (`ROOM_ID`,`WEAPON_ID`,`RNAME`,`R_DESCRIPTION`,`RSIZE`) VALUES (10,809,"Karen","varius",80);
INSERT INTO `ROOM` (`ROOM_ID`,`WEAPON_ID`,`RNAME`,`R_DESCRIPTION`,`RSIZE`) VALUES (11,810,"Rajah","Aliquam",24);
INSERT INTO `ROOM` (`ROOM_ID`,`WEAPON_ID`,`RNAME`,`R_DESCRIPTION`,`RSIZE`) VALUES (12,811,"Jesse","sollicitudin",33);
INSERT INTO `ROOM` (`ROOM_ID`,`WEAPON_ID`,`RNAME`,`R_DESCRIPTION`,`RSIZE`) VALUES (13,812,"Cassidy","vel,",51);
INSERT INTO `ROOM` (`ROOM_ID`,`WEAPON_ID`,`RNAME`,`R_DESCRIPTION`,`RSIZE`) VALUES (14,813,"Fredericka","pharetra.",22);
INSERT INTO `ROOM` (`ROOM_ID`,`WEAPON_ID`,`RNAME`,`R_DESCRIPTION`,`RSIZE`) VALUES (15,814,"Xanthus","Proin",85);
INSERT INTO `ROOM` (`ROOM_ID`,`WEAPON_ID`,`RNAME`,`R_DESCRIPTION`,`RSIZE`) VALUES (16,815,"Reese","In",49);
INSERT INTO `ROOM` (`ROOM_ID`,`WEAPON_ID`,`RNAME`,`R_DESCRIPTION`,`RSIZE`) VALUES (17,816,"Dara","non",6);
INSERT INTO `ROOM` (`ROOM_ID`,`WEAPON_ID`,`RNAME`,`R_DESCRIPTION`,`RSIZE`) VALUES (18,817,"Lewis","neque.",0);
INSERT INTO `ROOM` (`ROOM_ID`,`WEAPON_ID`,`RNAME`,`R_DESCRIPTION`,`RSIZE`) VALUES (19,818,"Brennan","Maecenas",2);
INSERT INTO `ROOM` (`ROOM_ID`,`WEAPON_ID`,`RNAME`,`R_DESCRIPTION`,`RSIZE`) VALUES (20,819,"Simone","Nullam",16);
INSERT INTO `ROOM` (`ROOM_ID`,`WEAPON_ID`,`RNAME`,`R_DESCRIPTION`,`RSIZE`) VALUES (21,820,"Mechelle","Donec",32);
INSERT INTO `ROOM` (`ROOM_ID`,`WEAPON_ID`,`RNAME`,`R_DESCRIPTION`,`RSIZE`) VALUES (22,821,"Lacey","eros",75);
INSERT INTO `ROOM` (`ROOM_ID`,`WEAPON_ID`,`RNAME`,`R_DESCRIPTION`,`RSIZE`) VALUES (23,822,"Zephania","felis",62);
INSERT INTO `ROOM` (`ROOM_ID`,`WEAPON_ID`,`RNAME`,`R_DESCRIPTION`,`RSIZE`) VALUES (24,823,"Yuri","arcu.",84);
INSERT INTO `ROOM` (`ROOM_ID`,`WEAPON_ID`,`RNAME`,`R_DESCRIPTION`,`RSIZE`) VALUES (25,824,"Stacy","Aliquam",88);
INSERT INTO `ROOM` (`ROOM_ID`,`WEAPON_ID`,`RNAME`,`R_DESCRIPTION`,`RSIZE`) VALUES (26,825,"Leroy","erat",9);
INSERT INTO `ROOM` (`ROOM_ID`,`WEAPON_ID`,`RNAME`,`R_DESCRIPTION`,`RSIZE`) VALUES (27,826,"Octavia","Quisque",32);
INSERT INTO `ROOM` (`ROOM_ID`,`WEAPON_ID`,`RNAME`,`R_DESCRIPTION`,`RSIZE`) VALUES (28,827,"Uta","pede.",75);
INSERT INTO `ROOM` (`ROOM_ID`,`WEAPON_ID`,`RNAME`,`R_DESCRIPTION`,`RSIZE`) VALUES (29,828,"Emerson","molestie",39);
INSERT INTO `ROOM` (`ROOM_ID`,`WEAPON_ID`,`RNAME`,`R_DESCRIPTION`,`RSIZE`) VALUES (30,829,"Jin","lacus.",65);
INSERT INTO `ROOM` (`ROOM_ID`,`WEAPON_ID`,`RNAME`,`R_DESCRIPTION`,`RSIZE`) VALUES (31,830,"Samuel","tristique",37);
INSERT INTO `ROOM` (`ROOM_ID`,`WEAPON_ID`,`RNAME`,`R_DESCRIPTION`,`RSIZE`) VALUES (32,831,"Giacomo","vitae",3);
INSERT INTO `ROOM` (`ROOM_ID`,`WEAPON_ID`,`RNAME`,`R_DESCRIPTION`,`RSIZE`) VALUES (33,832,"Gabriel","Morbi",85);
INSERT INTO `ROOM` (`ROOM_ID`,`WEAPON_ID`,`RNAME`,`R_DESCRIPTION`,`RSIZE`) VALUES (34,833,"Bert","erat",46);
INSERT INTO `ROOM` (`ROOM_ID`,`WEAPON_ID`,`RNAME`,`R_DESCRIPTION`,`RSIZE`) VALUES (35,834,"Arsenio","In",76);
INSERT INTO `ROOM` (`ROOM_ID`,`WEAPON_ID`,`RNAME`,`R_DESCRIPTION`,`RSIZE`) VALUES (36,835,"Kirk","Pellentesque",85);
INSERT INTO `ROOM` (`ROOM_ID`,`WEAPON_ID`,`RNAME`,`R_DESCRIPTION`,`RSIZE`) VALUES (37,836,"Tyler","Nunc",4);
INSERT INTO `ROOM` (`ROOM_ID`,`WEAPON_ID`,`RNAME`,`R_DESCRIPTION`,`RSIZE`) VALUES (38,837,"Karly","nisl",26);
INSERT INTO `ROOM` (`ROOM_ID`,`WEAPON_ID`,`RNAME`,`R_DESCRIPTION`,`RSIZE`) VALUES (39,838,"Rooney","varius.",41);
INSERT INTO `ROOM` (`ROOM_ID`,`WEAPON_ID`,`RNAME`,`R_DESCRIPTION`,`RSIZE`) VALUES (40,839,"Maggy","ac",0);
INSERT INTO `ROOM` (`ROOM_ID`,`WEAPON_ID`,`RNAME`,`R_DESCRIPTION`,`RSIZE`) VALUES (41,840,"Darrel","Donec",96);
INSERT INTO `ROOM` (`ROOM_ID`,`WEAPON_ID`,`RNAME`,`R_DESCRIPTION`,`RSIZE`) VALUES (42,841,"Neville","arcu.",55);
INSERT INTO `ROOM` (`ROOM_ID`,`WEAPON_ID`,`RNAME`,`R_DESCRIPTION`,`RSIZE`) VALUES (43,842,"Jack","id",19);
INSERT INTO `ROOM` (`ROOM_ID`,`WEAPON_ID`,`RNAME`,`R_DESCRIPTION`,`RSIZE`) VALUES (44,843,"Ina","sodales",97);
INSERT INTO `ROOM` (`ROOM_ID`,`WEAPON_ID`,`RNAME`,`R_DESCRIPTION`,`RSIZE`) VALUES (45,844,"Mikayla","ac,",0);
INSERT INTO `ROOM` (`ROOM_ID`,`WEAPON_ID`,`RNAME`,`R_DESCRIPTION`,`RSIZE`) VALUES (46,845,"Evelyn","dolor,",34);
INSERT INTO `ROOM` (`ROOM_ID`,`WEAPON_ID`,`RNAME`,`R_DESCRIPTION`,`RSIZE`) VALUES (47,846,"Cleo","amet",24);
INSERT INTO `ROOM` (`ROOM_ID`,`WEAPON_ID`,`RNAME`,`R_DESCRIPTION`,`RSIZE`) VALUES (48,847,"Tara","sit",49);
INSERT INTO `ROOM` (`ROOM_ID`,`WEAPON_ID`,`RNAME`,`R_DESCRIPTION`,`RSIZE`) VALUES (49,848,"Mia","tellus.",78);
INSERT INTO `ROOM` (`ROOM_ID`,`WEAPON_ID`,`RNAME`,`R_DESCRIPTION`,`RSIZE`) VALUES (50,849,"Renee","Cras",52);

-- Inserts into PLAYER Table
INSERT INTO `PLAYER` (`PLAYER_ID`,`PNAME`,`AGE`,`HEALTH`,`CLASS`,`ROLE`,`ROOM_ID`) VALUES (100,"Jarrod",29,39,"Knight","Servant",1),(101,"Emmanuel",64,65,"Rogue","Servant",2),(102,"Adena",87,3,"Rogue","Master",3),(103,"Isadora",71,45,"Knight","Protector",4),(104,"Driscoll",17,30,"Knight","Protector",5),(105,"Tanisha",90,59,"Rogue","Servant",6),(106,"Alexis",99,97,"Axeman","Master",7),(107,"Amos",67,17,"Knight","Protector",8),(108,"Gail",34,58,"Knight","Servant",9),(109,"Octavia",72,16,"Knight","Protector",10);
INSERT INTO `PLAYER` (`PLAYER_ID`,`PNAME`,`AGE`,`HEALTH`,`CLASS`,`ROLE`,`ROOM_ID`) VALUES (110,"Naomi",92,65,"Axeman","Servant",11),(111,"Austin",51,67,"Knight","Master",12),(112,"Leila",92,72,"Knight","Master",13),(113,"Isabelle",65,98,"Rogue","Master",14),(114,"Mariko",47,96,"Knight","Servant",15),(115,"India",53,58,"Axeman","Protector",16),(116,"Bruce",79,99,"Knight","Master",17),(117,"Ocean",50,12,"Rogue","Servant",18),(118,"Mary",63,43,"Axeman","Protector",19),(119,"Dacey",21,77,"Axeman","Master",20);
INSERT INTO `PLAYER` (`PLAYER_ID`,`PNAME`,`AGE`,`HEALTH`,`CLASS`,`ROLE`,`ROOM_ID`) VALUES (120,"Scott",20,70,"Rogue","Servant",21),(121,"Yen",67,60,"Knight","Servant",22),(122,"Justina",31,92,"Axeman","Master",23),(123,"Kenyon",53,8,"Rogue","Servant",24),(124,"Dawn",31,33,"Rogue","Servant",25),(125,"Astra",29,58,"Knight","Master",26),(126,"Megan",62,100,"Axeman","Servant",27),(127,"Fuller",44,84,"Axeman","Servant",28),(128,"MacKenzie",45,23,"Axeman","Servant",29),(129,"Jason",75,1,"Knight","Master",30);
INSERT INTO `PLAYER` (`PLAYER_ID`,`PNAME`,`AGE`,`HEALTH`,`CLASS`,`ROLE`,`ROOM_ID`) VALUES (130,"Xerxes",23,99,"Knight","Protector",31),(131,"Henry",49,4,"Knight","Servant",32),(132,"Ann",98,27,"Axeman","Protector",33),(133,"Byron",16,24,"Knight","Protector",34),(134,"Quin",61,14,"Axeman","Protector",35),(135,"Baxter",22,70,"Axeman","Servant",36),(136,"Ann",27,75,"Rogue","Protector",37),(137,"Piper",53,30,"Knight","Protector",38),(138,"Rose",61,80,"Rogue","Protector",39),(139,"Tate",53,96,"Rogue","Master",40);
INSERT INTO `PLAYER` (`PLAYER_ID`,`PNAME`,`AGE`,`HEALTH`,`CLASS`,`ROLE`,`ROOM_ID`) VALUES (140,"Laura",28,29,"Knight","Servant",41),(141,"Meredith",37,38,"Rogue","Master",42),(142,"Simone",57,5,"Axeman","Servant",43),(143,"Macy",81,31,"Rogue","Protector",44),(144,"Calvin",43,27,"Rogue","Master",45),(145,"Hunter",63,22,"Rogue","Master",46),(146,"Quyn",73,48,"Axeman","Servant",47),(147,"Christen",60,7,"Rogue","Servant",48),(148,"Elizabeth",25,28,"Rogue","Master",49),(149,"Raymond",87,57,"Knight","Protector",50);

UPDATE `PLAYER` SET `PVP_TARGET` = 149 WHERE `PLAYER_ID` = 100;
UPDATE `PLAYER` SET `PVP_TARGET` = 148 WHERE `PLAYER_ID` = 101;
UPDATE `PLAYER` SET `PVP_TARGET` = 147 WHERE `PLAYER_ID` = 102;
UPDATE `PLAYER` SET `PVP_TARGET` = 146 WHERE `PLAYER_ID` = 103;
UPDATE `PLAYER` SET `PVP_TARGET` = 145 WHERE `PLAYER_ID` = 104;
UPDATE `PLAYER` SET `PVP_TARGET` = 144 WHERE `PLAYER_ID` = 105;
UPDATE `PLAYER` SET `PVP_TARGET` = 143 WHERE `PLAYER_ID` = 106;
UPDATE `PLAYER` SET `PVP_TARGET` = 142 WHERE `PLAYER_ID` = 107;
UPDATE `PLAYER` SET `PVP_TARGET` = 141 WHERE `PLAYER_ID` = 108;
UPDATE `PLAYER` SET `PVP_TARGET` = 140 WHERE `PLAYER_ID` = 109;
UPDATE `PLAYER` SET `PVP_TARGET` = 139 WHERE `PLAYER_ID` = 110;
UPDATE `PLAYER` SET `PVP_TARGET` = 138 WHERE `PLAYER_ID` = 111;
UPDATE `PLAYER` SET `PVP_TARGET` = 137 WHERE `PLAYER_ID` = 112;
UPDATE `PLAYER` SET `PVP_TARGET` = 136 WHERE `PLAYER_ID` = 113;
UPDATE `PLAYER` SET `PVP_TARGET` = 135 WHERE `PLAYER_ID` = 114;
UPDATE `PLAYER` SET `PVP_TARGET` = 134 WHERE `PLAYER_ID` = 115;
UPDATE `PLAYER` SET `PVP_TARGET` = 133 WHERE `PLAYER_ID` = 116;
UPDATE `PLAYER` SET `PVP_TARGET` = 132 WHERE `PLAYER_ID` = 117;
UPDATE `PLAYER` SET `PVP_TARGET` = 131 WHERE `PLAYER_ID` = 118;
UPDATE `PLAYER` SET `PVP_TARGET` = 130 WHERE `PLAYER_ID` = 119;
UPDATE `PLAYER` SET `PVP_TARGET` = 129 WHERE `PLAYER_ID` = 120;
UPDATE `PLAYER` SET `PVP_TARGET` = 128 WHERE `PLAYER_ID` = 121;
UPDATE `PLAYER` SET `PVP_TARGET` = 127 WHERE `PLAYER_ID` = 122;
UPDATE `PLAYER` SET `PVP_TARGET` = 126 WHERE `PLAYER_ID` = 123;
UPDATE `PLAYER` SET `PVP_TARGET` = 125 WHERE `PLAYER_ID` = 124;
UPDATE `PLAYER` SET `PVP_TARGET` = 124 WHERE `PLAYER_ID` = 125;
UPDATE `PLAYER` SET `PVP_TARGET` = 123 WHERE `PLAYER_ID` = 126;
UPDATE `PLAYER` SET `PVP_TARGET` = 122 WHERE `PLAYER_ID` = 127;
UPDATE `PLAYER` SET `PVP_TARGET` = 121 WHERE `PLAYER_ID` = 128;
UPDATE `PLAYER` SET `PVP_TARGET` = 120 WHERE `PLAYER_ID` = 129;
UPDATE `PLAYER` SET `PVP_TARGET` = 119 WHERE `PLAYER_ID` = 130;
UPDATE `PLAYER` SET `PVP_TARGET` = 118 WHERE `PLAYER_ID` = 131;
UPDATE `PLAYER` SET `PVP_TARGET` = 117 WHERE `PLAYER_ID` = 132;
UPDATE `PLAYER` SET `PVP_TARGET` = 116 WHERE `PLAYER_ID` = 133;
UPDATE `PLAYER` SET `PVP_TARGET` = 115 WHERE `PLAYER_ID` = 134;
UPDATE `PLAYER` SET `PVP_TARGET` = 114 WHERE `PLAYER_ID` = 135;
UPDATE `PLAYER` SET `PVP_TARGET` = 113 WHERE `PLAYER_ID` = 136;
UPDATE `PLAYER` SET `PVP_TARGET` = 112 WHERE `PLAYER_ID` = 137;
UPDATE `PLAYER` SET `PVP_TARGET` = 111 WHERE `PLAYER_ID` = 138;
UPDATE `PLAYER` SET `PVP_TARGET` = 110 WHERE `PLAYER_ID` = 139;
UPDATE `PLAYER` SET `PVP_TARGET` = 109 WHERE `PLAYER_ID` = 140;
UPDATE `PLAYER` SET `PVP_TARGET` = 108 WHERE `PLAYER_ID` = 141;
UPDATE `PLAYER` SET `PVP_TARGET` = 107 WHERE `PLAYER_ID` = 142;
UPDATE `PLAYER` SET `PVP_TARGET` = 106 WHERE `PLAYER_ID` = 143;
UPDATE `PLAYER` SET `PVP_TARGET` = 105 WHERE `PLAYER_ID` = 144;
UPDATE `PLAYER` SET `PVP_TARGET` = 104 WHERE `PLAYER_ID` = 145;
UPDATE `PLAYER` SET `PVP_TARGET` = 103 WHERE `PLAYER_ID` = 146;
UPDATE `PLAYER` SET `PVP_TARGET` = 102 WHERE `PLAYER_ID` = 147;
UPDATE `PLAYER` SET `PVP_TARGET` = 101 WHERE `PLAYER_ID` = 148;
UPDATE `PLAYER` SET `PVP_TARGET` = 100 WHERE `PLAYER_ID` = 149;

-- Inserts into the BOSS Table
INSERT INTO `BOSS` (`BOSS_ID`,`BNAME`,`HEALTH`,`DAMAGE`,`DIFFICULTY`,`ROOM_ID`) VALUES (1000,"Vivien",3,7,4,1),(999,"Basil",78,90,9,2),(998,"Orlando",69,52,8,3),(997,"Bertha",16,41,7,4),(996,"Iliana",0,16,1,5),(995,"Madison",45,84,8,6),(994,"Mufutau",47,16,1,7),(993,"David",24,17,10,8),(992,"Barrett",70,94,3,9),(991,"Inez",100,23,4,10);
INSERT INTO `BOSS` (`BOSS_ID`,`BNAME`,`HEALTH`,`DAMAGE`,`DIFFICULTY`,`ROOM_ID`) VALUES (990,"Dorian",94,10,10,11),(989,"Wesley",18,45,9,12),(988,"Raya",13,72,8,13),(987,"Casey",85,4,9,14),(986,"Savannah",53,61,5,15),(985,"Samuel",42,29,6,16),(984,"Chloe",64,67,9,17),(983,"Cameron",91,88,7,18),(982,"Libby",35,93,10,19),(981,"McKenzie",14,80,7,20);
INSERT INTO `BOSS` (`BOSS_ID`,`BNAME`,`HEALTH`,`DAMAGE`,`DIFFICULTY`,`ROOM_ID`) VALUES (980,"Linda",82,9,3,21),(979,"Portia",59,21,2,22),(978,"Yen",96,34,8,23),(977,"Randall",52,80,2,24),(976,"Yeo",4,62,9,25),(975,"Gray",52,40,8,26),(974,"Preston",46,50,1,27),(973,"Murphy",43,91,4,28),(972,"Dahlia",95,63,10,29),(971,"Kuame",27,100,5,30);
INSERT INTO `BOSS` (`BOSS_ID`,`BNAME`,`HEALTH`,`DAMAGE`,`DIFFICULTY`,`ROOM_ID`) VALUES (970,"Omar",75,15,7,31),(969,"Baxter",73,30,8,32),(968,"Fulton",12,94,4,33),(967,"Maxwell",69,43,6,34),(966,"Darrel",17,67,8,35),(965,"Nyssa",37,26,4,36),(964,"Caesar",26,88,9,37),(963,"MacKenzie",9,63,5,38),(962,"Tasha",39,10,8,39),(961,"Jeremy",23,16,3,40);
INSERT INTO `BOSS` (`BOSS_ID`,`BNAME`,`HEALTH`,`DAMAGE`,`DIFFICULTY`,`ROOM_ID`) VALUES (960,"Howard",29,52,3,41),(959,"Neil",89,46,2,42),(958,"Aimee",39,73,2,43),(957,"Winter",93,93,1,44),(956,"Cara",15,64,3,45),(955,"Leslie",18,89,3,46),(954,"Tad",12,73,5,47),(953,"Idona",84,83,8,48),(952,"Imogene",98,56,4,49),(951,"Emmanuel",99,9,7,50);

-- Inserts into MONSTER Table
INSERT INTO `MONSTER` (`MONSTER_ID`,`MNAME`,`HEALTH`,`CLASS`,`DIFFICULTY`,`QUANTITY`,`ROOM_ID`,`PLAYER_ATTACK_TARGET`) VALUES (500,"Keaton",31,"Poison",1,29,1,149),(501,"Pearl",45,"Air",2,45,2,148),(502,"Celeste",100,"Poison",1,25,3,147),(503,"Maxwell",24,"Water",2,37,4,146),(504,"Keane",9,"Poison",5,2,5,145),(505,"Craig",100,"Poison",3,22,6,144),(506,"Claudia",25,"Poison",9,36,7,143),(507,"Sandra",14,"Fire",5,10,8,142),(508,"Faith",64,"Poison",5,7,9,141),(509,"Kasper",21,"Grass",2,42,10,140);
INSERT INTO `MONSTER` (`MONSTER_ID`,`MNAME`,`HEALTH`,`CLASS`,`DIFFICULTY`,`QUANTITY`,`ROOM_ID`,`PLAYER_ATTACK_TARGET`) VALUES (510,"Armand",7,"Air",7,49,11,139),(511,"Hoyt",25,"Fire",5,16,12,138),(512,"Christopher",23,"Water",2,48,13,137),(513,"Daria",53,"Water",10,14,14,136),(514,"Charity",84,"Fire",9,25,15,135),(515,"Steel",42,"Water",7,12,16,134),(516,"Sonia",69,"Water",6,50,17,133),(517,"Jonas",83,"Water",7,29,18,132),(518,"Selma",62,"Poison",5,9,19,131),(519,"Shoshana",54,"Fire",5,7,20,130);
INSERT INTO `MONSTER` (`MONSTER_ID`,`MNAME`,`HEALTH`,`CLASS`,`DIFFICULTY`,`QUANTITY`,`ROOM_ID`,`PLAYER_ATTACK_TARGET`) VALUES (520,"Quail",71,"Water",4,50,21,129),(521,"Sybill",19,"Air",9,38,22,128),(522,"Dai",95,"Water",7,44,23,127),(523,"Bryar",2,"Fire",2,30,24,126),(524,"Illiana",6,"Water",6,5,25,125),(525,"Giselle",89,"Grass",5,29,26,124),(526,"Carlos",72,"Air",3,4,27,123),(527,"Otto",87,"Poison",10,27,28,122),(528,"Tanisha",46,"Fire",4,46,29,121),(529,"Harlan",57,"Air",10,16,30,120);
INSERT INTO `MONSTER` (`MONSTER_ID`,`MNAME`,`HEALTH`,`CLASS`,`DIFFICULTY`,`QUANTITY`,`ROOM_ID`,`PLAYER_ATTACK_TARGET`) VALUES (530,"Alfonso",90,"Poison",1,27,31,119),(531,"Kylee",53,"Fire",7,1,32,118),(532,"Brianna",63,"Water",7,33,33,117),(533,"Brent",10,"Air",9,29,34,116),(534,"Harriet",40,"Water",7,1,35,115),(535,"Mufutau",94,"Grass",1,49,36,114),(536,"Kiona",65,"Poison",3,19,37,113),(537,"Sigourney",9,"Fire",5,27,38,112),(538,"Raja",93,"Grass",8,7,39,111),(539,"Eliana",68,"Grass",10,50,40,110);
INSERT INTO `MONSTER` (`MONSTER_ID`,`MNAME`,`HEALTH`,`CLASS`,`DIFFICULTY`,`QUANTITY`,`ROOM_ID`,`PLAYER_ATTACK_TARGET`) VALUES (540,"Lawrence",14,"Poison",1,2,41,109),(541,"Oliver",99,"Grass",6,18,42,108),(542,"Amaya",47,"Water",7,21,43,107),(543,"Venus",93,"Grass",1,4,44,106),(544,"Vincent",32,"Air",6,3,45,105),(545,"Imelda",6,"Air",3,16,46,104),(546,"Herman",26,"Poison",9,43,47,103),(547,"Maia",77,"Fire",1,44,48,102),(548,"Whoopi",35,"Poison",9,50,49,101),(549,"Colby",47,"Air",3,13,50,100);

-- Inserts into ANIMAL Table
INSERT INTO `ANIMAL` (`ANIMAL_ID`,`ANAME`,`HEALTH`,`FRIENDLY_LEVEL`,`ROLE`,`ROOM_ID`) VALUES (500,"Blaze",70,8,"Evil",1),(501,"Neve",81,10,"Friend",2),(502,"Kennedy",50,8,"Friend",3),(503,"Nicholas",35,1,"Friend",4),(504,"Jessamine",51,0,"Friend",5),(505,"Martin",6,6,"Support",6),(506,"Ginger",33,6,"Support",7),(507,"Yvonne",16,9,"Evil",8),(508,"Yasir",90,2,"Servant",9),(509,"Catherine",66,10,"Friend",10);
INSERT INTO `ANIMAL` (`ANIMAL_ID`,`ANAME`,`HEALTH`,`FRIENDLY_LEVEL`,`ROLE`,`ROOM_ID`) VALUES (510,"Price",34,2,"Support",11),(511,"Sean",64,5,"Friend",12),(512,"Rudyard",16,9,"Evil",13),(513,"Emily",87,0,"Evil",14),(514,"Lani",70,8,"Support",15),(515,"Lilah",23,1,"Servant",16),(516,"Pearl",58,9,"Support",17),(517,"Macon",66,9,"Friend",18),(518,"Kenyon",90,5,"Friend",19),(519,"Glenna",85,10,"Servant",20);
INSERT INTO `ANIMAL` (`ANIMAL_ID`,`ANAME`,`HEALTH`,`FRIENDLY_LEVEL`,`ROLE`,`ROOM_ID`) VALUES (520,"Nadine",28,6,"Support",21),(521,"Joel",85,2,"Evil",22),(522,"Fitzgerald",95,7,"Support",23),(523,"Bruno",82,2,"Friend",24),(524,"Jarrod",54,4,"Friend",25),(525,"Nerea",5,6,"Support",26),(526,"Hayley",3,2,"Servant",27),(527,"Deborah",66,6,"Friend",28),(528,"Melanie",6,7,"Friend",29),(529,"Claire",95,9,"Friend",30);
INSERT INTO `ANIMAL` (`ANIMAL_ID`,`ANAME`,`HEALTH`,`FRIENDLY_LEVEL`,`ROLE`,`ROOM_ID`) VALUES (530,"Ivana",87,5,"Servant",31),(531,"Yasir",3,5,"Friend",32),(532,"Tanner",60,6,"Evil",33),(533,"Jaime",50,10,"Servant",34),(534,"Mira",70,0,"Servant",35),(535,"Candace",40,9,"Evil",36),(536,"Winifred",8,10,"Friend",37),(537,"Tad",37,10,"Servant",38),(538,"Macey",97,7,"Support",39),(539,"Driscoll",6,10,"Support",40);
INSERT INTO `ANIMAL` (`ANIMAL_ID`,`ANAME`,`HEALTH`,`FRIENDLY_LEVEL`,`ROLE`,`ROOM_ID`) VALUES (540,"Sierra",9,3,"Friend",41),(541,"Christine",16,1,"Evil",42),(542,"Colt",14,0,"Support",43),(543,"Tana",53,1,"Support",44),(544,"Wylie",21,5,"Support",45),(545,"Keely",77,5,"Servant",46),(546,"Sylvia",58,8,"Evil",47),(547,"Hamilton",13,3,"Support",48),(548,"Chandler",30,7,"Servant",49),(549,"Portia",13,10,"Friend",50);

-- Inserts into OBSTACLE Table
INSERT INTO `OBSTACLE` (`OBSTACLE_ID`,`ONAME`,`HEALTH`,`POTION_ID`) VALUES (10,"Box",40,200);
INSERT INTO `OBSTACLE` (`OBSTACLE_ID`,`ONAME`,`HEALTH`,`POTION_ID`) VALUES (20,"Jar",30,201);
INSERT INTO `OBSTACLE` (`OBSTACLE_ID`,`ONAME`,`HEALTH`,`POTION_ID`) VALUES (30,"Vase",38,202);
INSERT INTO `OBSTACLE` (`OBSTACLE_ID`,`ONAME`,`HEALTH`,`POTION_ID`) VALUES (40,"Wall",22,204);
INSERT INTO `OBSTACLE` (`OBSTACLE_ID`,`ONAME`,`HEALTH`,`POTION_ID`) VALUES (50,"Swamp",12,205);
INSERT INTO `OBSTACLE` (`OBSTACLE_ID`,`ONAME`,`HEALTH`,`POTION_ID`) VALUES (60,"Boulder",40,206);
INSERT INTO `OBSTACLE` (`OBSTACLE_ID`,`ONAME`,`HEALTH`,`POTION_ID`) VALUES (70,"Steel",35,207);
INSERT INTO `OBSTACLE` (`OBSTACLE_ID`,`ONAME`,`HEALTH`,`POTION_ID`) VALUES (80,"Metal",30,208);
INSERT INTO `OBSTACLE` (`OBSTACLE_ID`,`ONAME`,`HEALTH`,`POTION_ID`) VALUES (90,"Lock",50,209);
INSERT INTO `OBSTACLE` (`OBSTACLE_ID`,`ONAME`,`HEALTH`,`POTION_ID`) VALUES (100,"Crate",7,210);
INSERT INTO `OBSTACLE` (`OBSTACLE_ID`,`ONAME`,`HEALTH`,`POTION_ID`) VALUES (110,"Bricks",40,211);
INSERT INTO `OBSTACLE` (`OBSTACLE_ID`,`ONAME`,`HEALTH`,`POTION_ID`) VALUES (120,"Blob",14,212);
INSERT INTO `OBSTACLE` (`OBSTACLE_ID`,`ONAME`,`HEALTH`,`POTION_ID`) VALUES (130,"Hole",5,213);
INSERT INTO `OBSTACLE` (`OBSTACLE_ID`,`ONAME`,`HEALTH`,`POTION_ID`) VALUES (140,"Gap",41,214);
INSERT INTO `OBSTACLE` (`OBSTACLE_ID`,`ONAME`,`HEALTH`,`POTION_ID`) VALUES (150,"Bridge",15,215);
INSERT INTO `OBSTACLE` (`OBSTACLE_ID`,`ONAME`,`HEALTH`,`POTION_ID`) VALUES (160,"Block",45,216);
INSERT INTO `OBSTACLE` (`OBSTACLE_ID`,`ONAME`,`HEALTH`,`POTION_ID`) VALUES (170,"Hurdle",14,217);
INSERT INTO `OBSTACLE` (`OBSTACLE_ID`,`ONAME`,`HEALTH`,`POTION_ID`) VALUES (180,"Spikes",32,218);
INSERT INTO `OBSTACLE` (`OBSTACLE_ID`,`ONAME`,`HEALTH`,`POTION_ID`) VALUES (190,"Wood",26,219);
INSERT INTO `OBSTACLE` (`OBSTACLE_ID`,`ONAME`,`HEALTH`,`POTION_ID`) VALUES (200,"Dummy",38,220);
INSERT INTO `OBSTACLE` (`OBSTACLE_ID`,`ONAME`,`HEALTH`,`POTION_ID`) VALUES (210,"Nothing",21,221);
INSERT INTO `OBSTACLE` (`OBSTACLE_ID`,`ONAME`,`HEALTH`,`POTION_ID`) VALUES (220,"Green Rock",24,222);
INSERT INTO `OBSTACLE` (`OBSTACLE_ID`,`ONAME`,`HEALTH`,`POTION_ID`) VALUES (230,"Red Rock",39,223);
INSERT INTO `OBSTACLE` (`OBSTACLE_ID`,`ONAME`,`HEALTH`,`POTION_ID`) VALUES (240,"Blue Rock",29,224);
INSERT INTO `OBSTACLE` (`OBSTACLE_ID`,`ONAME`,`HEALTH`,`POTION_ID`) VALUES (250,"Orange Rock",9,225);
INSERT INTO `OBSTACLE` (`OBSTACLE_ID`,`ONAME`,`HEALTH`,`POTION_ID`) VALUES (260,"Gold Boulder",42,226);
INSERT INTO `OBSTACLE` (`OBSTACLE_ID`,`ONAME`,`HEALTH`,`POTION_ID`) VALUES (270,"Bronze Bolder",24,227);
INSERT INTO `OBSTACLE` (`OBSTACLE_ID`,`ONAME`,`HEALTH`,`POTION_ID`) VALUES (280,"Bronze Crate",3,228);
INSERT INTO `OBSTACLE` (`OBSTACLE_ID`,`ONAME`,`HEALTH`,`POTION_ID`) VALUES (290,"Green Wall",23,229);
INSERT INTO `OBSTACLE` (`OBSTACLE_ID`,`ONAME`,`HEALTH`,`POTION_ID`) VALUES (300,"Silver Boulder",29,230);
INSERT INTO `OBSTACLE` (`OBSTACLE_ID`,`ONAME`,`HEALTH`,`POTION_ID`) VALUES (310,"White Wall",2,231);
INSERT INTO `OBSTACLE` (`OBSTACLE_ID`,`ONAME`,`HEALTH`,`POTION_ID`) VALUES (320,"",15,232);
INSERT INTO `OBSTACLE` (`OBSTACLE_ID`,`ONAME`,`HEALTH`,`POTION_ID`) VALUES (330,"amet,",2,233);
INSERT INTO `OBSTACLE` (`OBSTACLE_ID`,`ONAME`,`HEALTH`,`POTION_ID`) VALUES (340,"Sed",45,234);
INSERT INTO `OBSTACLE` (`OBSTACLE_ID`,`ONAME`,`HEALTH`,`POTION_ID`) VALUES (350,"est",11,235);
INSERT INTO `OBSTACLE` (`OBSTACLE_ID`,`ONAME`,`HEALTH`,`POTION_ID`) VALUES (360,"libero",12,236);
INSERT INTO `OBSTACLE` (`OBSTACLE_ID`,`ONAME`,`HEALTH`,`POTION_ID`) VALUES (370,"Aliquam",33,237);
INSERT INTO `OBSTACLE` (`OBSTACLE_ID`,`ONAME`,`HEALTH`,`POTION_ID`) VALUES (380,"elit",27,238);
INSERT INTO `OBSTACLE` (`OBSTACLE_ID`,`ONAME`,`HEALTH`,`POTION_ID`) VALUES (390,"Vivamus",43,239);
INSERT INTO `OBSTACLE` (`OBSTACLE_ID`,`ONAME`,`HEALTH`,`POTION_ID`) VALUES (400,"augue",40,240);
INSERT INTO `OBSTACLE` (`OBSTACLE_ID`,`ONAME`,`HEALTH`,`POTION_ID`) VALUES (410,"mus.",31,241);
INSERT INTO `OBSTACLE` (`OBSTACLE_ID`,`ONAME`,`HEALTH`,`POTION_ID`) VALUES (420,"eu,",12,242);
INSERT INTO `OBSTACLE` (`OBSTACLE_ID`,`ONAME`,`HEALTH`,`POTION_ID`) VALUES (430,"nascetur",29,243);
INSERT INTO `OBSTACLE` (`OBSTACLE_ID`,`ONAME`,`HEALTH`,`POTION_ID`) VALUES (440,"Donec",44,244);
INSERT INTO `OBSTACLE` (`OBSTACLE_ID`,`ONAME`,`HEALTH`,`POTION_ID`) VALUES (450,"ac",46,245);
INSERT INTO `OBSTACLE` (`OBSTACLE_ID`,`ONAME`,`HEALTH`,`POTION_ID`) VALUES (460,"elit",43,246);
INSERT INTO `OBSTACLE` (`OBSTACLE_ID`,`ONAME`,`HEALTH`,`POTION_ID`) VALUES (470,"Duis",31,247);
INSERT INTO `OBSTACLE` (`OBSTACLE_ID`,`ONAME`,`HEALTH`,`POTION_ID`) VALUES (480,"elit.",17,248);
INSERT INTO `OBSTACLE` (`OBSTACLE_ID`,`ONAME`,`HEALTH`,`POTION_ID`) VALUES (490,"scelerisque,",47,249);
INSERT INTO `OBSTACLE` (`OBSTACLE_ID`,`ONAME`,`HEALTH`,`POTION_ID`) VALUES (500,"tellus",43,250);

-- Inserts into BAG Table
INSERT INTO `BAG` (`BAG_ID`,`CHARACTER_ID`,`WEAPON_ID`,`POTION_ID`,`SKILL_ID`) VALUES (300,100,816,213,434);
INSERT INTO `BAG` (`BAG_ID`,`CHARACTER_ID`,`WEAPON_ID`,`POTION_ID`,`SKILL_ID`) VALUES (301,101,810,216,414);
INSERT INTO `BAG` (`BAG_ID`,`CHARACTER_ID`,`WEAPON_ID`,`POTION_ID`,`SKILL_ID`) VALUES (302,102,813,226,434);
INSERT INTO `BAG` (`BAG_ID`,`CHARACTER_ID`,`WEAPON_ID`,`POTION_ID`,`SKILL_ID`) VALUES (303,103,843,234,444);
INSERT INTO `BAG` (`BAG_ID`,`CHARACTER_ID`,`WEAPON_ID`,`POTION_ID`,`SKILL_ID`) VALUES (304,104,834,233,404);
INSERT INTO `BAG` (`BAG_ID`,`CHARACTER_ID`,`WEAPON_ID`,`POTION_ID`,`SKILL_ID`) VALUES (305,105,840,209,417);
INSERT INTO `BAG` (`BAG_ID`,`CHARACTER_ID`,`WEAPON_ID`,`POTION_ID`,`SKILL_ID`) VALUES (306,106,810,206,427);
INSERT INTO `BAG` (`BAG_ID`,`CHARACTER_ID`,`WEAPON_ID`,`POTION_ID`,`SKILL_ID`) VALUES (307,107,837,211,422);
INSERT INTO `BAG` (`BAG_ID`,`CHARACTER_ID`,`WEAPON_ID`,`POTION_ID`,`SKILL_ID`) VALUES (308,108,819,247,405);
INSERT INTO `BAG` (`BAG_ID`,`CHARACTER_ID`,`WEAPON_ID`,`POTION_ID`,`SKILL_ID`) VALUES (309,109,821,207,418);
INSERT INTO `BAG` (`BAG_ID`,`CHARACTER_ID`,`WEAPON_ID`,`POTION_ID`,`SKILL_ID`) VALUES (310,110,811,219,414);
INSERT INTO `BAG` (`BAG_ID`,`CHARACTER_ID`,`WEAPON_ID`,`POTION_ID`,`SKILL_ID`) VALUES (311,111,800,240,435);
INSERT INTO `BAG` (`BAG_ID`,`CHARACTER_ID`,`WEAPON_ID`,`POTION_ID`,`SKILL_ID`) VALUES (312,112,829,208,402);
INSERT INTO `BAG` (`BAG_ID`,`CHARACTER_ID`,`WEAPON_ID`,`POTION_ID`,`SKILL_ID`) VALUES (313,113,846,204,433);
INSERT INTO `BAG` (`BAG_ID`,`CHARACTER_ID`,`WEAPON_ID`,`POTION_ID`,`SKILL_ID`) VALUES (314,114,841,201,448);
INSERT INTO `BAG` (`BAG_ID`,`CHARACTER_ID`,`WEAPON_ID`,`POTION_ID`,`SKILL_ID`) VALUES (315,115,807,236,412);
INSERT INTO `BAG` (`BAG_ID`,`CHARACTER_ID`,`WEAPON_ID`,`POTION_ID`,`SKILL_ID`) VALUES (316,116,804,236,435);
INSERT INTO `BAG` (`BAG_ID`,`CHARACTER_ID`,`WEAPON_ID`,`POTION_ID`,`SKILL_ID`) VALUES (317,117,821,227,401);
INSERT INTO `BAG` (`BAG_ID`,`CHARACTER_ID`,`WEAPON_ID`,`POTION_ID`,`SKILL_ID`) VALUES (318,118,844,237,413);
INSERT INTO `BAG` (`BAG_ID`,`CHARACTER_ID`,`WEAPON_ID`,`POTION_ID`,`SKILL_ID`) VALUES (319,119,804,213,413);
INSERT INTO `BAG` (`BAG_ID`,`CHARACTER_ID`,`WEAPON_ID`,`POTION_ID`,`SKILL_ID`) VALUES (320,120,802,209,436);
INSERT INTO `BAG` (`BAG_ID`,`CHARACTER_ID`,`WEAPON_ID`,`POTION_ID`,`SKILL_ID`) VALUES (321,121,814,207,422);
INSERT INTO `BAG` (`BAG_ID`,`CHARACTER_ID`,`WEAPON_ID`,`POTION_ID`,`SKILL_ID`) VALUES (322,122,803,247,427);
INSERT INTO `BAG` (`BAG_ID`,`CHARACTER_ID`,`WEAPON_ID`,`POTION_ID`,`SKILL_ID`) VALUES (323,123,838,207,405);
INSERT INTO `BAG` (`BAG_ID`,`CHARACTER_ID`,`WEAPON_ID`,`POTION_ID`,`SKILL_ID`) VALUES (324,124,802,246,431);
INSERT INTO `BAG` (`BAG_ID`,`CHARACTER_ID`,`WEAPON_ID`,`POTION_ID`,`SKILL_ID`) VALUES (325,125,809,235,435);
INSERT INTO `BAG` (`BAG_ID`,`CHARACTER_ID`,`WEAPON_ID`,`POTION_ID`,`SKILL_ID`) VALUES (326,126,809,200,440);
INSERT INTO `BAG` (`BAG_ID`,`CHARACTER_ID`,`WEAPON_ID`,`POTION_ID`,`SKILL_ID`) VALUES (327,127,838,202,400);
INSERT INTO `BAG` (`BAG_ID`,`CHARACTER_ID`,`WEAPON_ID`,`POTION_ID`,`SKILL_ID`) VALUES (328,128,846,213,426);
INSERT INTO `BAG` (`BAG_ID`,`CHARACTER_ID`,`WEAPON_ID`,`POTION_ID`,`SKILL_ID`) VALUES (329,129,811,206,442);
INSERT INTO `BAG` (`BAG_ID`,`CHARACTER_ID`,`WEAPON_ID`,`POTION_ID`,`SKILL_ID`) VALUES (330,130,823,242,443);
INSERT INTO `BAG` (`BAG_ID`,`CHARACTER_ID`,`WEAPON_ID`,`POTION_ID`,`SKILL_ID`) VALUES (331,131,803,219,403);
INSERT INTO `BAG` (`BAG_ID`,`CHARACTER_ID`,`WEAPON_ID`,`POTION_ID`,`SKILL_ID`) VALUES (332,132,847,230,426);
INSERT INTO `BAG` (`BAG_ID`,`CHARACTER_ID`,`WEAPON_ID`,`POTION_ID`,`SKILL_ID`) VALUES (333,133,806,229,433);
INSERT INTO `BAG` (`BAG_ID`,`CHARACTER_ID`,`WEAPON_ID`,`POTION_ID`,`SKILL_ID`) VALUES (334,134,843,233,435);
INSERT INTO `BAG` (`BAG_ID`,`CHARACTER_ID`,`WEAPON_ID`,`POTION_ID`,`SKILL_ID`) VALUES (335,135,840,234,401);
INSERT INTO `BAG` (`BAG_ID`,`CHARACTER_ID`,`WEAPON_ID`,`POTION_ID`,`SKILL_ID`) VALUES (336,136,847,249,424);
INSERT INTO `BAG` (`BAG_ID`,`CHARACTER_ID`,`WEAPON_ID`,`POTION_ID`,`SKILL_ID`) VALUES (337,137,847,200,408);
INSERT INTO `BAG` (`BAG_ID`,`CHARACTER_ID`,`WEAPON_ID`,`POTION_ID`,`SKILL_ID`) VALUES (338,138,840,226,407);
INSERT INTO `BAG` (`BAG_ID`,`CHARACTER_ID`,`WEAPON_ID`,`POTION_ID`,`SKILL_ID`) VALUES (339,139,845,221,406);
INSERT INTO `BAG` (`BAG_ID`,`CHARACTER_ID`,`WEAPON_ID`,`POTION_ID`,`SKILL_ID`) VALUES (340,140,822,202,434);
INSERT INTO `BAG` (`BAG_ID`,`CHARACTER_ID`,`WEAPON_ID`,`POTION_ID`,`SKILL_ID`) VALUES (341,141,807,211,414);
INSERT INTO `BAG` (`BAG_ID`,`CHARACTER_ID`,`WEAPON_ID`,`POTION_ID`,`SKILL_ID`) VALUES (342,142,832,213,435);
INSERT INTO `BAG` (`BAG_ID`,`CHARACTER_ID`,`WEAPON_ID`,`POTION_ID`,`SKILL_ID`) VALUES (343,143,833,219,404);
INSERT INTO `BAG` (`BAG_ID`,`CHARACTER_ID`,`WEAPON_ID`,`POTION_ID`,`SKILL_ID`) VALUES (344,144,840,209,418);
INSERT INTO `BAG` (`BAG_ID`,`CHARACTER_ID`,`WEAPON_ID`,`POTION_ID`,`SKILL_ID`) VALUES (345,145,839,214,430);
INSERT INTO `BAG` (`BAG_ID`,`CHARACTER_ID`,`WEAPON_ID`,`POTION_ID`,`SKILL_ID`) VALUES (346,146,820,202,442);
INSERT INTO `BAG` (`BAG_ID`,`CHARACTER_ID`,`WEAPON_ID`,`POTION_ID`,`SKILL_ID`) VALUES (347,147,811,223,401);
INSERT INTO `BAG` (`BAG_ID`,`CHARACTER_ID`,`WEAPON_ID`,`POTION_ID`,`SKILL_ID`) VALUES (348,148,811,201,409);
INSERT INTO `BAG` (`BAG_ID`,`CHARACTER_ID`,`WEAPON_ID`,`POTION_ID`,`SKILL_ID`) VALUES (349,149,826,228,423);

-- Insert into POTION Table
INSERT INTO `POTION` (`POTION_ID`,`OBSTACLE_ID`,`BAG_ID`,`PNAME`,`EFFECT`,`USES`,`RARITY`) VALUES (213,300,300,"SOMETHING","Invulnerability",5,6);
INSERT INTO `POTION` (`POTION_ID`,`OBSTACLE_ID`,`BAG_ID`,`PNAME`,`EFFECT`,`USES`,`RARITY`) VALUES (213,301,301,"SOMETHING","Health",10,2);
INSERT INTO `POTION` (`POTION_ID`,`OBSTACLE_ID`,`BAG_ID`,`PNAME`,`EFFECT`,`USES`,`RARITY`) VALUES (213,302,302,"SOMETHING","Extra Life",7,7);
INSERT INTO `POTION` (`POTION_ID`,`OBSTACLE_ID`,`BAG_ID`,`PNAME`,`EFFECT`,`USES`,`RARITY`) VALUES (213,303,303,"SOMETHING","Extra Life",7,1);
INSERT INTO `POTION` (`POTION_ID`,`OBSTACLE_ID`,`BAG_ID`,`PNAME`,`EFFECT`,`USES`,`RARITY`) VALUES (204,304,304,"SOMETHING","Extra Life",1,5);
INSERT INTO `POTION` (`POTION_ID`,`OBSTACLE_ID`,`BAG_ID`,`PNAME`,`EFFECT`,`USES`,`RARITY`) VALUES (205,305,305,"SOMETHING","Poison",5,5);
INSERT INTO `POTION` (`POTION_ID`,`OBSTACLE_ID`,`BAG_ID`,`PNAME`,`EFFECT`,`USES`,`RARITY`) VALUES (206,306,306,"SOMETHING","Poison",2,6);
INSERT INTO `POTION` (`POTION_ID`,`OBSTACLE_ID`,`BAG_ID`,`PNAME`,`EFFECT`,`USES`,`RARITY`) VALUES (207,307,307,"SOMETHING","Invulnerability",7,2);
INSERT INTO `POTION` (`POTION_ID`,`OBSTACLE_ID`,`BAG_ID`,`PNAME`,`EFFECT`,`USES`,`RARITY`) VALUES (208,308,308,"SOMETHING","Invulnerability",2,9);
INSERT INTO `POTION` (`POTION_ID`,`OBSTACLE_ID`,`BAG_ID`,`PNAME`,`EFFECT`,`USES`,`RARITY`) VALUES (209,309,309,"SOMETHING","Health",7,4);
INSERT INTO `POTION` (`POTION_ID`,`OBSTACLE_ID`,`BAG_ID`,`PNAME`,`EFFECT`,`USES`,`RARITY`) VALUES (210,310,310,"SOMETHING","Invulnerability",6,3);
INSERT INTO `POTION` (`POTION_ID`,`OBSTACLE_ID`,`BAG_ID`,`PNAME`,`EFFECT`,`USES`,`RARITY`) VALUES (211,311,311,"SOMETHING","Extra Life",10,10);
INSERT INTO `POTION` (`POTION_ID`,`OBSTACLE_ID`,`BAG_ID`,`PNAME`,`EFFECT`,`USES`,`RARITY`) VALUES (212,312,312,"SOMETHING","Poison",2,2);
INSERT INTO `POTION` (`POTION_ID`,`OBSTACLE_ID`,`BAG_ID`,`PNAME`,`EFFECT`,`USES`,`RARITY`) VALUES (213,313,313,"SOMETHING","Poison",8,3);
INSERT INTO `POTION` (`POTION_ID`,`OBSTACLE_ID`,`BAG_ID`,`PNAME`,`EFFECT`,`USES`,`RARITY`) VALUES (214,314,314,"SOMETHING","Health",10,10);
INSERT INTO `POTION` (`POTION_ID`,`OBSTACLE_ID`,`BAG_ID`,`PNAME`,`EFFECT`,`USES`,`RARITY`) VALUES (215,315,315,"SOMETHING","Health",10,6);
INSERT INTO `POTION` (`POTION_ID`,`OBSTACLE_ID`,`BAG_ID`,`PNAME`,`EFFECT`,`USES`,`RARITY`) VALUES (216,316,316,"SOMETHING","Poison",2,2);
INSERT INTO `POTION` (`POTION_ID`,`OBSTACLE_ID`,`BAG_ID`,`PNAME`,`EFFECT`,`USES`,`RARITY`) VALUES (217,317,317,"SOMETHING","Extra Life",8,3);
INSERT INTO `POTION` (`POTION_ID`,`OBSTACLE_ID`,`BAG_ID`,`PNAME`,`EFFECT`,`USES`,`RARITY`) VALUES (218,318,318,"SOMETHING","Extra Life",8,2);
INSERT INTO `POTION` (`POTION_ID`,`OBSTACLE_ID`,`BAG_ID`,`PNAME`,`EFFECT`,`USES`,`RARITY`) VALUES (219,319,319,"SOMETHING","Invulnerability",9,9);
INSERT INTO `POTION` (`POTION_ID`,`OBSTACLE_ID`,`BAG_ID`,`PNAME`,`EFFECT`,`USES`,`RARITY`) VALUES (220,320,320,"SOMETHING","Extra Life",4,3);
INSERT INTO `POTION` (`POTION_ID`,`OBSTACLE_ID`,`BAG_ID`,`PNAME`,`EFFECT`,`USES`,`RARITY`) VALUES (221,321,321,"SOMETHING","Invulnerability",1,2);
INSERT INTO `POTION` (`POTION_ID`,`OBSTACLE_ID`,`BAG_ID`,`PNAME`,`EFFECT`,`USES`,`RARITY`) VALUES (222,322,322,"SOMETHING","Extra Life",5,8);
INSERT INTO `POTION` (`POTION_ID`,`OBSTACLE_ID`,`BAG_ID`,`PNAME`,`EFFECT`,`USES`,`RARITY`) VALUES (223,323,323,"SOMETHING","Health",7,8);
INSERT INTO `POTION` (`POTION_ID`,`OBSTACLE_ID`,`BAG_ID`,`PNAME`,`EFFECT`,`USES`,`RARITY`) VALUES (224,324,324,"SOMETHING","Health",7,5);
INSERT INTO `POTION` (`POTION_ID`,`OBSTACLE_ID`,`BAG_ID`,`PNAME`,`EFFECT`,`USES`,`RARITY`) VALUES (225,325,325,"SOMETHING","Invulnerability",3,10);
INSERT INTO `POTION` (`POTION_ID`,`OBSTACLE_ID`,`BAG_ID`,`PNAME`,`EFFECT`,`USES`,`RARITY`) VALUES (226,326,326,"SOMETHING","Health",5,2);
INSERT INTO `POTION` (`POTION_ID`,`OBSTACLE_ID`,`BAG_ID`,`PNAME`,`EFFECT`,`USES`,`RARITY`) VALUES (227,327,327,"SOMETHING","Extra Life",8,5);
INSERT INTO `POTION` (`POTION_ID`,`OBSTACLE_ID`,`BAG_ID`,`PNAME`,`EFFECT`,`USES`,`RARITY`) VALUES (228,328,328,"SOMETHING","Extra Life",10,6);
INSERT INTO `POTION` (`POTION_ID`,`OBSTACLE_ID`,`BAG_ID`,`PNAME`,`EFFECT`,`USES`,`RARITY`) VALUES (229,329,329,"SOMETHING","Invulnerability",6,7);
INSERT INTO `POTION` (`POTION_ID`,`OBSTACLE_ID`,`BAG_ID`,`PNAME`,`EFFECT`,`USES`,`RARITY`) VALUES (230,330,330,"SOMETHING","Health",4,10);
INSERT INTO `POTION` (`POTION_ID`,`OBSTACLE_ID`,`BAG_ID`,`PNAME`,`EFFECT`,`USES`,`RARITY`) VALUES (231,331,331,"SOMETHING","Invulnerability",4,1);
INSERT INTO `POTION` (`POTION_ID`,`OBSTACLE_ID`,`BAG_ID`,`PNAME`,`EFFECT`,`USES`,`RARITY`) VALUES (232,332,332,"SOMETHING","Extra Life",1,9);
INSERT INTO `POTION` (`POTION_ID`,`OBSTACLE_ID`,`BAG_ID`,`PNAME`,`EFFECT`,`USES`,`RARITY`) VALUES (233,333,333,"SOMETHING","Poison",9,5);
INSERT INTO `POTION` (`POTION_ID`,`OBSTACLE_ID`,`BAG_ID`,`PNAME`,`EFFECT`,`USES`,`RARITY`) VALUES (234,334,334,"SOMETHING","Poison",5,9);
INSERT INTO `POTION` (`POTION_ID`,`OBSTACLE_ID`,`BAG_ID`,`PNAME`,`EFFECT`,`USES`,`RARITY`) VALUES (235,335,335,"SOMETHING","Extra Life",5,7);
INSERT INTO `POTION` (`POTION_ID`,`OBSTACLE_ID`,`BAG_ID`,`PNAME`,`EFFECT`,`USES`,`RARITY`) VALUES (236,336,336,"SOMETHING","Extra Life",3,2);
INSERT INTO `POTION` (`POTION_ID`,`OBSTACLE_ID`,`BAG_ID`,`PNAME`,`EFFECT`,`USES`,`RARITY`) VALUES (237,337,337,"SOMETHING","Invulnerability",1,4);
INSERT INTO `POTION` (`POTION_ID`,`OBSTACLE_ID`,`BAG_ID`,`PNAME`,`EFFECT`,`USES`,`RARITY`) VALUES (238,338,338,"SOMETHING","Poison",5,10);
INSERT INTO `POTION` (`POTION_ID`,`OBSTACLE_ID`,`BAG_ID`,`PNAME`,`EFFECT`,`USES`,`RARITY`) VALUES (239,339,339,"SOMETHING","Invulnerability",9,1);
INSERT INTO `POTION` (`POTION_ID`,`OBSTACLE_ID`,`BAG_ID`,`PNAME`,`EFFECT`,`USES`,`RARITY`) VALUES (240,340,340,"SOMETHING","Health",7,2);
INSERT INTO `POTION` (`POTION_ID`,`OBSTACLE_ID`,`BAG_ID`,`PNAME`,`EFFECT`,`USES`,`RARITY`) VALUES (241,341,341,"SOMETHING","Poison",6,7);
INSERT INTO `POTION` (`POTION_ID`,`OBSTACLE_ID`,`BAG_ID`,`PNAME`,`EFFECT`,`USES`,`RARITY`) VALUES (242,342,342,"SOMETHING","Health",9,4);
INSERT INTO `POTION` (`POTION_ID`,`OBSTACLE_ID`,`BAG_ID`,`PNAME`,`EFFECT`,`USES`,`RARITY`) VALUES (243,343,343,"SOMETHING","Health",9,6);
INSERT INTO `POTION` (`POTION_ID`,`OBSTACLE_ID`,`BAG_ID`,`PNAME`,`EFFECT`,`USES`,`RARITY`) VALUES (244,344,344,"SOMETHING","Extra Life",4,6);
INSERT INTO `POTION` (`POTION_ID`,`OBSTACLE_ID`,`BAG_ID`,`PNAME`,`EFFECT`,`USES`,`RARITY`) VALUES (245,345,345,"SOMETHING","Poison",5,7);
INSERT INTO `POTION` (`POTION_ID`,`OBSTACLE_ID`,`BAG_ID`,`PNAME`,`EFFECT`,`USES`,`RARITY`) VALUES (246,346,346,"SOMETHING","Invulnerability",9,1);
INSERT INTO `POTION` (`POTION_ID`,`OBSTACLE_ID`,`BAG_ID`,`PNAME`,`EFFECT`,`USES`,`RARITY`) VALUES (247,347,347,"SOMETHING","Extra Life",4,4);
INSERT INTO `POTION` (`POTION_ID`,`OBSTACLE_ID`,`BAG_ID`,`PNAME`,`EFFECT`,`USES`,`RARITY`) VALUES (248,348,348,"SOMETHING","Invulnerability",1,2);
INSERT INTO `POTION` (`POTION_ID`,`OBSTACLE_ID`,`BAG_ID`,`PNAME`,`EFFECT`,`USES`,`RARITY`) VALUES (249,349,349,"SOMETHING","Health",9,3);