-- Inserts into ROOM Table
INSERT INTO `ROOM` (`ROOM_ID`,`WEAPON_ID`) VALUES (1,1),(2,2),(3,3),(4,4),(5,5),(6,6),(7,7),(8,8),(9,9),(10,10);
INSERT INTO `ROOM` (`ROOM_ID`,`WEAPON_ID`) VALUES (11,11),(12,12),(13,13),(14,14),(15,15),(16,16),(17,17),(18,18),(19,19),(20,20);
INSERT INTO `ROOM` (`ROOM_ID`,`WEAPON_ID`) VALUES (21,21),(22,22),(23,23),(24,24),(25,25),(26,26),(27,27),(28,28),(29,29),(30,30);
INSERT INTO `ROOM` (`ROOM_ID`,`WEAPON_ID`) VALUES (31,31),(32,32),(33,33),(34,34),(35,35),(36,36),(37,37),(38,38),(39,39),(40,40);
INSERT INTO `ROOM` (`ROOM_ID`,`WEAPON_ID`) VALUES (41,41),(42,42),(43,43),(44,44),(45,45),(46,46),(47,47),(48,48),(49,49),(50,50);

-- Inserts into PLAYER Table
INSERT INTO `PLAYER` (`PLAYER_ID`,`PNAME`,`AGE`,`HEALTH`,`CLASS`,`ROLE`,`PVP_TARGET`,`ROOM_ID`) VALUES (100,"Phelan",22,47,"erat.","sit",100,1),(101,"Jerry",25,100,"dictum","luctus",101,2),(102,"Steel",72,97,"orci.","Nullam",102,3),(103,"Lee",19,63,"cursus","at",103,4),(104,"Ina",58,2,"dolor","pellentesque",104,5),(105,"Stewart",33,42,"facilisis","quis",105,6),(106,"Timothy",60,88,"ornare","rutrum",106,7),(107,"Fletcher",67,55,"purus","tempor",107,8),(108,"Paloma",57,52,"montes,","erat",108,9),(109,"Hanae",49,54,"Nam","ligula",109,10);
INSERT INTO `PLAYER` (`PLAYER_ID`,`PNAME`,`AGE`,`HEALTH`,`CLASS`,`ROLE`,`PVP_TARGET`,`ROOM_ID`) VALUES (110,"Naomi",72,39,"ullamcorper.","molestie",110,11),(111,"Bruce",46,93,"arcu.","ut",111,12),(112,"Drew",49,31,"fermentum","ut",112,13),(113,"Lawrence",81,12,"pharetra,","gravida.",113,14),(114,"Chaim",76,14,"lectus.","egestas.",114,15),(115,"Hadley",99,40,"convallis","Nunc",115,16),(116,"Joel",90,93,"mauris","et,",116,17),(117,"Pearl",25,45,"Class","nec",117,18),(118,"Rogan",66,39,"parturient","odio.",118,19),(119,"Wyoming",25,42,"Aliquam","ornare,",119,20);
INSERT INTO `PLAYER` (`PLAYER_ID`,`PNAME`,`AGE`,`HEALTH`,`CLASS`,`ROLE`,`PVP_TARGET`,`ROOM_ID`) VALUES (120,"Avye",44,42,"vitae","justo",120,21),(121,"Dacey",61,57,"risus.","egestas",121,22),(122,"Henry",39,73,"fermentum","eu",122,23),(123,"Carlos",85,90,"risus.","ut",123,24),(124,"Sonia",69,25,"tincidunt","euismod",124,25),(125,"Vielka",86,82,"eget","tellus.",125,26),(126,"Francesca",42,92,"parturient","quam.",126,27),(127,"Lucy",77,67,"ornare,","sed",127,28),(128,"Gloria",69,81,"sem","nulla",128,29),(129,"Eric",91,64,"ac","in",129,30);
INSERT INTO `PLAYER` (`PLAYER_ID`,`PNAME`,`AGE`,`HEALTH`,`CLASS`,`ROLE`,`PVP_TARGET`,`ROOM_ID`) VALUES (130,"Nasim",45,67,"enim.","vulputate",130,31),(131,"Logan",48,92,"Proin","vestibulum.",131,32),(132,"Cassandra",73,37,"pretium","a",132,33),(133,"Bree",22,89,"nunc","tristique",133,34),(134,"Malachi",97,98,"in,","Maecenas",134,35),(135,"Gemma",39,9,"luctus","et",135,36),(136,"Quentin",76,54,"In","lacinia",136,37),(137,"Slade",98,37,"Cras","tortor,",137,38),(138,"Amal",18,51,"augue","consequat,",138,39),(139,"Ulla",58,57,"sapien,","nascetur",139,40);
INSERT INTO `PLAYER` (`PLAYER_ID`,`PNAME`,`AGE`,`HEALTH`,`CLASS`,`ROLE`,`PVP_TARGET`,`ROOM_ID`) VALUES (140,"Octavius",58,50,"lacinia","enim",140,41),(141,"Remedios",23,82,"dolor.","ac",141,42),(142,"Vaughan",64,80,"id,","Integer",142,43),(143,"Maxine",59,53,"varius","mollis",143,44),(144,"Fay",74,37,"non","aliquet",144,45),(145,"Nomlanga",92,87,"euismod","Nulla",145,46),(146,"Byron",100,13,"cursus","nonummy",146,47),(147,"Sydnee",64,46,"in,","luctus",147,48),(148,"Joelle",30,8,"lacus","nisi",148,49),(149,"Cathleen",52,4,"justo","consectetuer",149,50);

-- Inserts into the BOSS Table
INSERT INTO `BOSS` (`BOSS_ID`,`BNAME`,`HEALTH`,`DAMAGE`,`DIFFICULTY`,`ROOM_ID`) VALUES (1000,"Vivien",3,7,4,1),(999,"Basil",78,90,9,2),(998,"Orlando",69,52,8,3),(997,"Bertha",16,41,7,4),(996,"Iliana",0,16,1,5),(995,"Madison",45,84,8,6),(994,"Mufutau",47,16,1,7),(993,"David",24,17,10,8),(992,"Barrett",70,94,3,9),(991,"Inez",100,23,4,10);
INSERT INTO `BOSS` (`BOSS_ID`,`BNAME`,`HEALTH`,`DAMAGE`,`DIFFICULTY`,`ROOM_ID`) VALUES (990,"Dorian",94,10,10,11),(989,"Wesley",18,45,9,12),(988,"Raya",13,72,8,13),(987,"Casey",85,4,9,14),(986,"Savannah",53,61,5,15),(985,"Samuel",42,29,6,16),(984,"Chloe",64,67,9,17),(983,"Cameron",91,88,7,18),(982,"Libby",35,93,10,19),(981,"McKenzie",14,80,7,20);
INSERT INTO `BOSS` (`BOSS_ID`,`BNAME`,`HEALTH`,`DAMAGE`,`DIFFICULTY`,`ROOM_ID`) VALUES (980,"Linda",82,9,3,21),(979,"Portia",59,21,2,22),(978,"Yen",96,34,8,23),(977,"Randall",52,80,2,24),(976,"Yeo",4,62,9,25),(975,"Gray",52,40,8,26),(974,"Preston",46,50,1,27),(973,"Murphy",43,91,4,28),(972,"Dahlia",95,63,10,29),(971,"Kuame",27,100,5,30);
INSERT INTO `BOSS` (`BOSS_ID`,`BNAME`,`HEALTH`,`DAMAGE`,`DIFFICULTY`,`ROOM_ID`) VALUES (970,"Omar",75,15,7,31),(969,"Baxter",73,30,8,32),(968,"Fulton",12,94,4,33),(967,"Maxwell",69,43,6,34),(966,"Darrel",17,67,8,35),(965,"Nyssa",37,26,4,36),(964,"Caesar",26,88,9,37),(963,"MacKenzie",9,63,5,38),(962,"Tasha",39,10,8,39),(961,"Jeremy",23,16,3,40);
INSERT INTO `BOSS` (`BOSS_ID`,`BNAME`,`HEALTH`,`DAMAGE`,`DIFFICULTY`,`ROOM_ID`) VALUES (960,"Howard",29,52,3,41),(959,"Neil",89,46,2,42),(958,"Aimee",39,73,2,43),(957,"Winter",93,93,1,44),(956,"Cara",15,64,3,45),(955,"Leslie",18,89,3,46),(954,"Tad",12,73,5,47),(953,"Idona",84,83,8,48),(952,"Imogene",98,56,4,49),(951,"Emmanuel",99,9,7,50);